<?xml version="1.0" encoding="UTF-8" standalone="no"?>
<exam>

	<student examid="444" idcard="133">
		<name>李四</name>
		<location>大连</location>
		<grade>22</grade>
	</student>

	<student examid="1123" idcard="1234">
		<name>张三</name>
		<location>123</location>
		<grade>123.0</grade>
	</student>
	<student examid="123" idcard="1234">
		<name>sasdf</name>
		<location>1234</location>
		<grade>123.0</grade>
	</student>
	<student examid="123" idcard="123">
		<name>123</name>
		<location>123</location>
		<grade>123.0</grade>
	</student>
</exam>